{"root":[{"assemblyName":"Assembly-CSharp","nameSpace":"Alteruna.TextChatCommands","className":"CommandCreateRoom","methodName":"Init","loadTypes":3,"isUnityClass":false},{"assemblyName":"Assembly-CSharp","nameSpace":"Alteruna.TextChatCommands","className":"CommandJoinRoom","methodName":"Init","loadTypes":3,"isUnityClass":false},{"assemblyName":"Assembly-CSharp","nameSpace":"Alteruna.TextChatCommands","className":"CommandLeaveRoom","methodName":"Init","loadTypes":3,"isUnityClass":false},{"assemblyName":"Assembly-CSharp","nameSpace":"Alteruna.TextChatCommands","className":"CommandLoadScene","methodName":"Init","loadTypes":3,"isUnityClass":false},{"assemblyName":"Assembly-CSharp","nameSpace":"Alteruna.TextChatCommands","className":"CommandMe","methodName":"Init","loadTypes":3,"isUnityClass":false},{"assemblyName":"Assembly-CSharp","nameSpace":"Alteruna.TextChatCommands","className":"CommandMove","methodName":"Init","loadTypes":3,"isUnityClass":false},{"assemblyName":"Assembly-CSharp","nameSpace":"Alteruna.TextChatCommands","className":"CommandPrint","methodName":"Init","loadTypes":3,"isUnityClass":false},{"assemblyName":"Assembly-CSharp","nameSpace":"Alteruna.TextChatCommands","className":"CommandRoom","methodName":"Init","loadTypes":3,"isUnityClass":false},{"assemblyName":"Assembly-CSharp","nameSpace":"Alteruna.TextChatCommands","className":"CommandRotate","methodName":"Init","loadTypes":3,"isUnityClass":false},{"assemblyName":"Assembly-CSharp","nameSpace":"Alteruna.TextChatCommands","className":"CommandScale","methodName":"Init","loadTypes":3,"isUnityClass":false},{"assemblyName":"Assembly-CSharp","nameSpace":"Alteruna.TextChatCommands","className":"CommandSync","methodName":"Init","loadTypes":3,"isUnityClass":false},{"assemblyName":"Assembly-CSharp","nameSpace":"Alteruna.TextChatCommands","className":"CommandTarget","methodName":"Init","loadTypes":3,"isUnityClass":false},{"assemblyName":"Assembly-CSharp","nameSpace":"Alteruna.TextChatCommands","className":"CommandTp","methodName":"Init","loadTypes":3,"isUnityClass":false},{"assemblyName":"Assembly-CSharp","nameSpace":"Alteruna.TextChatCommands","className":"CommandUid","methodName":"Init","loadTypes":3,"isUnityClass":false},{"assemblyName":"Cinemachine","nameSpace":"Cinemachine","className":"CinemachineStoryboard","methodName":"InitializeModule","loadTypes":0,"isUnityClass":false},{"assemblyName":"Cinemachine","nameSpace":"Cinemachine","className":"CinemachineCore","methodName":"InitializeModule","loadTypes":0,"isUnityClass":false},{"assemblyName":"Cinemachine","nameSpace":"Cinemachine","className":"UpdateTracker","methodName":"InitializeModule","loadTypes":0,"isUnityClass":false},{"assemblyName":"Cinemachine","nameSpace":"Cinemachine","className":"CinemachineImpulseManager","methodName":"InitializeModule","loadTypes":0,"isUnityClass":false},{"assemblyName":"Cinemachine","nameSpace":"Cinemachine.PostFX","className":"CinemachinePostProcessing","methodName":"InitializeModule","loadTypes":0,"isUnityClass":false},{"assemblyName":"Cinemachine","nameSpace":"Cinemachine.PostFX","className":"CinemachineVolumeSettings","methodName":"InitializeModule","loadTypes":0,"isUnityClass":false},{"assemblyName":"Draco","nameSpace":"","className":"$BurstDirectCallInitializer","methodName":"Initialize","loadTypes":2,"isUnityClass":false},{"assemblyName":"Niantic.Lightship.AR","nameSpace":"Niantic.Lightship.AR.Telemetry","className":"TelemetryHelper","methodName":"RegisterTelemetryInitEvent","loadTypes":0,"isUnityClass":false},{"assemblyName":"Niantic.Lightship.AR","nameSpace":"Niantic.Lightship.AR.Settings","className":"PrivacyData","methodName":"RegisterMissingUserIdWarning","loadTypes":0,"isUnityClass":false},{"assemblyName":"Niantic.Lightship.AR","nameSpace":"Niantic.Lightship.AR.Loader","className":"LightshipSettingsHelper","methodName":"CreateRuntimeSettingsFromAsset","loadTypes":4,"isUnityClass":false},{"assemblyName":"Niantic.Lightship.AR","nameSpace":"Niantic.Lightship.AR.Subsystems.Semantics","className":"LightshipSemanticsSubsystem","methodName":"Register","loadTypes":4,"isUnityClass":false},{"assemblyName":"Niantic.Lightship.AR","nameSpace":"Niantic.Lightship.AR.Subsystems.Scanning","className":"LightshipScanningSubsystem","methodName":"RegisterDescriptor","loadTypes":4,"isUnityClass":false},{"assemblyName":"Niantic.Lightship.AR","nameSpace":"Niantic.Lightship.AR.Subsystems.PersistentAnchor","className":"LightshipPersistentAnchorSubsystem","methodName":"RegisterDescriptor","loadTypes":4,"isUnityClass":false},{"assemblyName":"Niantic.Lightship.AR","nameSpace":"Niantic.Lightship.AR.Subsystems.Occlusion","className":"LightshipOcclusionSubsystem","methodName":"Register","loadTypes":4,"isUnityClass":false},{"assemblyName":"Niantic.Lightship.AR","nameSpace":"Niantic.Lightship.AR.Subsystems.ObjectDetection","className":"LightshipObjectDetectionSubsystem","methodName":"Register","loadTypes":4,"isUnityClass":false},{"assemblyName":"Niantic.Lightship.AR","nameSpace":"Niantic.Lightship.AR.Subsystems.Playback","className":"LightshipPlaybackCameraSubsystem","methodName":"Register","loadTypes":4,"isUnityClass":false},{"assemblyName":"Niantic.Lightship.AR","nameSpace":"Niantic.Lightship.AR.Subsystems.Playback","className":"LightshipPlaybackOcclusionSubsystem","methodName":"Register","loadTypes":4,"isUnityClass":false},{"assemblyName":"Niantic.Lightship.AR","nameSpace":"Niantic.Lightship.AR.Subsystems.Playback","className":"LightshipPlaybackSessionSubsystem","methodName":"Register","loadTypes":4,"isUnityClass":false},{"assemblyName":"Niantic.Lightship.AR.Simulation","nameSpace":"Niantic.Lightship.Simulation","className":"LightshipSimulationSceneLoaderUtility","methodName":"Register","loadTypes":1,"isUnityClass":false},{"assemblyName":"Niantic.Lightship.AR.Simulation","nameSpace":"Niantic.Lightship.AR.Simulation","className":"LightshipSimulationCameraSubsystem","methodName":"Register","loadTypes":4,"isUnityClass":false},{"assemblyName":"Niantic.Lightship.AR.Simulation","nameSpace":"Niantic.Lightship.AR.Simulation","className":"LightshipSimulationOcclusionSubsystem","methodName":"Register","loadTypes":4,"isUnityClass":false},{"assemblyName":"Niantic.Lightship.AR.Simulation","nameSpace":"Niantic.Lightship.AR.Simulation","className":"LightshipSimulationPersistentAnchorSubsystem","methodName":"RegisterDescriptor","loadTypes":4,"isUnityClass":false},{"assemblyName":"Niantic.Lightship.SharedAR","nameSpace":"__GEN","className":"NetworkVariableSerializationHelper","methodName":"InitializeSerialization","loadTypes":0,"isUnityClass":false},{"assemblyName":"Unity.Collections","nameSpace":"","className":"$BurstDirectCallInitializer","methodName":"Initialize","loadTypes":2,"isUnityClass":true},{"assemblyName":"Unity.InputSystem","nameSpace":"UnityEngine.InputSystem","className":"InputSystem","methodName":"RunInitializeInPlayer","loadTypes":4,"isUnityClass":true},{"assemblyName":"Unity.InputSystem","nameSpace":"UnityEngine.InputSystem","className":"InputSystem","methodName":"RunInitialUpdate","loadTypes":1,"isUnityClass":true},{"assemblyName":"Unity.Netcode.Components","nameSpace":"__GEN","className":"INetworkMessageHelper","methodName":"InitializeMessages","loadTypes":0,"isUnityClass":true},{"assemblyName":"Unity.Netcode.Components","nameSpace":"__GEN","className":"NetworkVariableSerializationHelper","methodName":"InitializeSerialization","loadTypes":0,"isUnityClass":true},{"assemblyName":"Unity.Netcode.Runtime","nameSpace":"Unity.Netcode","className":"NetworkUpdateLoop","methodName":"Initialize","loadTypes":4,"isUnityClass":true},{"assemblyName":"Unity.Netcode.Runtime","nameSpace":"Unity.Netcode","className":"NetworkVariableSerializationTypes","methodName":"InitializeIntegerSerialization","loadTypes":2,"isUnityClass":true},{"assemblyName":"Unity.Netcode.Runtime","nameSpace":"__GEN","className":"INetworkMessageHelper","methodName":"InitializeMessages","loadTypes":0,"isUnityClass":true},{"assemblyName":"Unity.RenderPipelines.Core.Runtime","nameSpace":"UnityEngine.Experimental.Rendering","className":"XRSystem","methodName":"XRSystemInit","loadTypes":3,"isUnityClass":true},{"assemblyName":"Unity.RenderPipelines.Core.Runtime","nameSpace":"UnityEngine.Rendering","className":"DebugUpdater","methodName":"RuntimeInit","loadTypes":0,"isUnityClass":true},{"assemblyName":"Unity.VisualScripting.Core","nameSpace":"Unity.VisualScripting","className":"RuntimeVSUsageUtility","methodName":"RuntimeInitializeOnLoadBeforeSceneLoad","loadTypes":1,"isUnityClass":true},{"assemblyName":"Unity.XR.Management","nameSpace":"UnityEngine.XR.Management","className":"XRGeneralSettings","methodName":"AttemptInitializeXRSDKOnLoad","loadTypes":2,"isUnityClass":true},{"assemblyName":"Unity.XR.Management","nameSpace":"UnityEngine.XR.Management","className":"XRGeneralSettings","methodName":"AttemptStartXRSDKOnBeforeSplashScreen","loadTypes":3,"isUnityClass":true},{"assemblyName":"Unity.XR.Simulation","nameSpace":"UnityEngine.XR.Simulation","className":"InputLayoutLoader","methodName":"RegisterLayouts","loadTypes":4,"isUnityClass":true},{"assemblyName":"Unity.XR.Simulation","nameSpace":"UnityEngine.XR.Simulation","className":"SimulationAnchorSubsystem","methodName":"RegisterDescriptor","loadTypes":4,"isUnityClass":true},{"assemblyName":"Unity.XR.Simulation","nameSpace":"UnityEngine.XR.Simulation","className":"SimulationEnvironmentProbeSubsystem","methodName":"RegisterDescriptor","loadTypes":4,"isUnityClass":true},{"assemblyName":"Unity.XR.Simulation","nameSpace":"UnityEngine.XR.Simulation","className":"SimulationImageTrackingSubsystem","methodName":"RegisterDescriptor","loadTypes":4,"isUnityClass":true},{"assemblyName":"Unity.XR.Simulation","nameSpace":"UnityEngine.XR.Simulation","className":"SimulationPlaneSubsystem","methodName":"RegisterDescriptor","loadTypes":4,"isUnityClass":true},{"assemblyName":"Unity.XR.Simulation","nameSpace":"UnityEngine.XR.Simulation","className":"SimulationPointCloudSubsystem","methodName":"RegisterDescriptor","loadTypes":4,"isUnityClass":true},{"assemblyName":"Unity.XR.Simulation","nameSpace":"UnityEngine.XR.Simulation","className":"SimulationRaycastSubsystem","methodName":"RegisterDescriptor","loadTypes":4,"isUnityClass":true},{"assemblyName":"Unity.XR.Simulation","nameSpace":"UnityEngine.XR.Simulation","className":"SimulationCameraSubsystem","methodName":"Register","loadTypes":4,"isUnityClass":true},{"assemblyName":"Unity.XR.Simulation","nameSpace":"UnityEngine.XR.Simulation","className":"SimulationSessionSubsystem","methodName":"RegisterDescriptor","loadTypes":4,"isUnityClass":true}]}
